State,Capital,Type
Alabama,Montgomery,state_capital
Alaska,Juneau,state_capital
Arizona,Phoenix,state_capital
Arkansas,Little Rock,state_capital
California,Sacramento,state_capital
Colorado,Denver,state_capital
Connecticut,Hartford,state_capital
Delaware,Dover,state_capital
Florida,Tallahassee,state_capital
Georgia,Atlanta,state_capital
Hawaii,Honolulu,state_capital
Idaho,Boise,state_capital
Illinois,Springfield,state_capital
Indiana,Indianapolis,state_capital
Iowa,Des Moines,state_capital
Kansas,Topeka,state_capital
Kentucky,Frankfort,state_capital
Louisiana,Baton Rouge,state_capital
Maine,Augusta,state_capital
Maryland,Annapolis,state_capital
Massachusetts,Boston,state_capital
Michigan,Lansing,state_capital
Minnesota,Saint Paul,state_capital
Mississippi,Jackson,state_capital
Missouri,Jefferson City,state_capital
Montana,Helena,state_capital
Nebraska,Lincoln,state_capital
Nevada,Carson City,state_capital
New Hampshire,Concord,state_capital
New Jersey,Trenton,state_capital
New Mexico,Santa Fe,state_capital
New York,Albany,state_capital
North Carolina,Raleigh,state_capital
North Dakota,Bismarck,state_capital
Ohio,Columbus,state_capital
Oklahoma,Oklahoma City,state_capital
Oregon,Salem,state_capital
Pennsylvania,Harrisburg,state_capital
Rhode Island,Providence,state_capital
South Carolina,Columbia,state_capital
South Dakota,Pierre,state_capital
Tennessee,Nashville,state_capital
Texas,Austin,state_capital
Utah,Salt Lake City,state_capital
Vermont,Montpelier,state_capital
Virginia,Richmond,state_capital
Washington,Olympia,state_capital
West Virginia,Charleston,state_capital
Wisconsin,Madison,state_capital
Wyoming,Cheyenne,state_capital
